n,dim,block,topk,workers,repeats,mean_s,stdev_s,speedup,efficiency,comparisons_per_s,full_matrix_gib,block_matrix_mib,topk_recall_subset
6000,128,512,10,1,2,0.575223,0.032464,1.000000,1.000000,62573982.16,0.1341,1.0000,1.000000
6000,128,512,10,2,2,0.653081,0.001443,0.880783,0.440392,55114122.47,0.1341,1.0000,1.000000
6000,128,512,10,4,2,0.565027,0.017100,1.018046,0.254511,63703167.38,0.1341,1.0000,1.000000
