n,dim,block,topk,workers,repeats,mean_s,stdev_s,speedup,efficiency,comparisons_per_s,full_matrix_gib,block_matrix_mib,topk_recall_subset
12000,128,1024,10,1,2,1.642690,0.010539,1.000000,1.000000,87653787.38,0.5364,4.0000,1.000000
12000,128,1024,10,2,2,1.289652,0.009200,1.273746,0.636873,111648693.54,0.5364,4.0000,1.000000
12000,128,1024,10,4,2,0.949831,0.009831,1.729454,0.432364,151593227.58,0.5364,4.0000,1.000000
