n,dim,block,topk,workers,repeats,mean_s,stdev_s,speedup,efficiency,comparisons_per_s,full_matrix_gib,block_matrix_mib,topk_recall_subset
20000,128,1024,10,1,1,4.792142,0.000000,1.000000,1.000000,83465801.92,1.4901,4.0000,1.000000
20000,128,1024,10,2,1,2.998435,0.000000,1.598215,0.799107,133396255.04,1.4901,4.0000,1.000000
20000,128,1024,10,4,1,1.873930,0.000000,2.557269,0.639317,213444506.48,1.4901,4.0000,1.000000
