threads,repeats,rows,cols,mean_total_s,mean_fit_s,mean_transform_s,speedup,efficiency,max_abs_mean,max_std_error
1,3,10000000,16,0.585333,0.239000,0.346333,1.000000,1.000000,0.000000,0.000000
2,3,10000000,16,0.610000,0.404000,0.206000,0.959563,0.479781,0.000000,0.000000
4,3,10000000,16,0.377333,0.258000,0.119333,1.551237,0.387809,0.000000,0.000000
8,3,10000000,16,0.265667,0.186667,0.079000,2.203262,0.275408,0.000000,0.000000
